Username,Positive,Negative,Anger,Anticipation,Disgust,Fear,Joy,Sadness,Surprise,Trust,Following,Followers,Retweet,Favorite,Extraversion,Agreeableness,Conscientiousness,Neuroticism,Openness,Label
achadianrani,5.65,5.77,4.02,3.52,2.66,3.94,3.73,4.45,2.0,2.63,248,308,7,26,1.25,1.11,1.11,3.75,3.0,Neuroticism
almostbeyours,6.61,6.14,3.51,5.28,1.04,4.63,4.62,5.79,1.65,4.12,779,548,8,48,3.75,5.56,4.44,6.25,2.0,Neuroticism
amarasyawalni,23.82,3.78,1.12,3.7199999999999998,0.66,1.39,23.66,1.33,1.02,1.78,367,521,16,12,3.75,5.56,1.11,5.0,2.0,Agreeableness
erickdidudidu,4.03,3.23,1.88,2.2,0.79,2.55,2.78,3.26,1.58,2.0399999999999996,836,1019,17,91,6.25,4.44,5.56,5.0,4.0,Extraversion
ferrafbryn,6.19,3.24,2.0,4.5,1.54,3.58,3.6,3.47,1.02,2.87,893,3279,2,12,3.75,2.22,1.11,0.0,0.0,Extraversion
fridamayanti,5.54,4.97,2.96,2.93,1.35,3.37,2.5,4.32,1.4,1.46,167,187,4,11,3.75,3.33,3.33,6.25,4.0,Neuroticism
ichatarina,7.1499999999999995,7.18,5.32,5.77,3.55,5.38,4.8999999999999995,5.91,2.29,4.89,183,282,13,19,2.5,5.56,2.22,6.25,5.0,Neuroticism
jehademusa,11.03,7.22,6.47,6.19,3.29,8.08,6.66,5.97,5.29,8.4,108,1156,17,156,5.0,0.0,4.44,5.0,3.0,Extraversion
laylarmdhnaa,8.44,7.85,6.89,1.08,5.22,7.41,7.58,7.76,1.14,1.91,61,47,12,103,1.25,1.11,5.56,6.25,3.0,Neuroticism
lenoydew,4.45,4.64,3.52,2.01,1.61,3.99,3.1599999999999997,4.28,2.07,1.31,127,267,18,32,1.25,1.11,0.0,6.25,3.0,Neuroticism
liawrdhani,6.66,7.01,5.52,4.38,2.68,5.89,3.89,6.46,2.79,2.6,90,219,5,25,1.25,0.0,0.0,6.25,2.0,Neuroticism
munawaroh_mona,8.309999999999999,23.62,2.59,4.6000000000000005,1.62,24.6,6.13,9.75,24.38,16.37,1288,1377,0,2,2.5,2.22,1.11,0.0,0.0,Extraversion
nysmonworld,6.62,5.91,2.94,3.9099999999999997,1.51,3.83,2.72,5.34,1.03,3.2,55,23,2,27,3.75,3.33,0.0,5.0,5.0,Neuroticism
shafiraara,7.930000000000001,6.46,4.05,6.16,0.95,4.42,4.32,6.01,1.33,3.86,81,182,11,7,0.0,1.11,1.11,6.25,4.0,Neuroticism
siti_sr137,19.26,15.47,12.73,11.95,3.33,20.2,8.99,18.61,6.48,6.92,268,56,1,4,1.25,3.33,4.44,6.25,6.0,Neuroticism
9ita7unn,8.85,3.73,3.36,3.55,0.76,3.56,5.04,4.28,1.8,3.93,193,261,16,55,6.25,3.33,5.56,2.5,7.0,Openness
_avocada,3.72,2.24,1.3,1.87,0.98,1.75,2.55,1.89,0.96,1.1,72,20,2,10,0.0,3.33,3.33,6.25,4.0,Neuroticism
_chaendelier_,3.6399999999999997,3.23,1.87,2.61,0.88,2.79,2.21,2.78,0.71,1.46,178,282,6,53,3.75,4.44,2.22,5.0,8.0,Openness
_marfami,5.72,4.47,2.87,5.86,1.72,2.88,4.71,3.66,1.19,3.09,1195,1959,20,98,2.5,0.0,2.22,6.25,7.0,Openness
_nilazka,5.66,4.98,3.89,2.98,1.54,4.57,3.54,4.11,1.84,2.94,106,377,13,49,6.25,4.44,5.56,3.75,6.0,Extraversion
_sylvialestari,4.11,2.2,1.41,2.38,0.81,2.02,2.82,2.02,1.17,1.78,190,80,5,22,0.0,3.33,3.33,2.5,4.0,Openness
a2lir,3.09,3.06,2.27,1.24,1.87,2.42,2.38,2.28,1.2,1.23,191,277,3,16,6.25,4.44,3.33,1.25,6.0,Extraversion
abcdenjiii,2.77,1.62,0.92,1.56,1.38,2.26,1.15,2.27,0.77,0.78,209,220,2,19,3.75,2.22,2.22,1.25,3.0,Extraversion
adamumemo,2.54,2.75,1.96,2.25,0.9400000000000001,2.2699999999999996,2.08,2.03,1.29,1.72,389,406,139,608,1.25,3.33,4.44,6.25,5.0,Neuroticism
adewiana14,5.68,3.27,2.17,3.53,1.39,2.7899999999999996,3.75,2.53,1.48,2.84,352,385,14,39,3.75,5.56,4.44,5.0,6.0,Openness
adindahapsa,6.09,4.36,2.07,3.5999999999999996,1.4,3.31,4.08,3.4,1.57,2.55,589,802,12,31,5.0,5.56,5.56,6.25,8.0,Openness
adityalinardi,9.07,2.41,1.17,6.19,0.77,3.07,5.16,2.12,3.6599999999999997,6.12,154,162,10,1,2.5,3.33,4.44,3.75,3.0,Conscientiousness
adityandr,4.3100000000000005,2.02,1.24,3.1999999999999997,0.96,1.22,3.4099999999999997,1.71,0.8800000000000001,2.8699999999999997,224,204,7,19,2.5,4.44,5.56,5.0,3.0,Conscientiousness
adityosusanto_,3.63,3.19,2.29,1.67,1.56,2.39,2.09,2.32,1.9,1.74,137,396,158,334,3.75,4.44,2.22,0.0,4.0,Agreeableness
adlfynf,10.45,3.02,1.53,7.63,1.29,7.08,4.17,3.23,1.39,1.5,250,312,1,35,1.25,2.22,4.44,5.0,2.0,Neuroticism
adorablejuneya,3.78,3.12,1.91,3.37,1.23,2.84,2.4,3.01,0.98,2.51,350,1128,7,34,5.0,4.44,4.44,1.25,4.0,Extraversion
adputri_,2.96,2.0,1.14,2.56,0.94,1.5,2.54,1.24,1.14,1.66,188,281,0,14,2.5,3.33,4.44,3.75,4.0,Conscientiousness
afidazkyy,7.35,3.3,1.55,3.77,0.97,3.52,4.42,2.93,1.77,3.7,197,459,8,105,5.0,4.44,4.44,2.5,8.0,Openness
agus_trianto,4.76,5.46,2.37,3.01,3.6,4.72,3.27,4.04,1.8,2.96,282,355,15,42,2.5,1.11,0.0,5.0,6.0,Openness
aisyahafr,2.75,8.0,1.22,1.6,1.27,7.96,2.16,2.2,6.78,6.03,259,570,0,5,3.75,4.44,4.44,5.0,5.0,Neuroticism
aiuchida,7.05,2.73,2.6399999999999997,2.92,1.48,2.55,4.08,2.96,2.3,2.93,154,971,4,16,5.0,3.33,5.56,3.75,8.0,Openness
akhsaraa,6.18,3.18,1.75,3.68,1.3,3.42,3.67,3.7,1.85,3.4,132,220,12,3,3.75,4.44,5.56,5.0,7.0,Openness
akuuuberuang,6.39,4.24,2.52,3.96,1.06,3.34,4.15,3.62,2.35,2.89,114,49,40,704,3.75,0.0,2.22,2.5,7.0,Openness
alaaini1,7.5,4.74,3.7899999999999996,3.38,1.95,3.37,3.88,4.180000000000001,2.05,4.25,186,72,1,102,5.0,4.44,3.33,3.75,5.0,Extraversion
alaniafitri,8.92,5.01,3.17,7.43,3.46,7.33,5.61,4.86,3.65,4.52,270,290,18,13,2.5,5.56,5.56,1.25,6.0,Openness
aldimaulana48,5.28,3.24,2.04,3.72,0.75,2.3,4.39,2.51,1.96,2.82,286,90,8,21,1.25,3.33,5.56,3.75,1.0,Conscientiousness
alfian_ay,3.27,2.65,1.57,2.66,1.45,1.83,2.31,2.17,1.45,2.22,164,221,3,9,5.0,3.33,4.44,3.75,8.0,Openness
alfinalfinn,4.45,4.7,4.46,3.43,2.92,5.79,2.26,4.62,2.1,1.64,238,71,14,107,6.25,3.33,5.56,3.75,6.0,Extraversion
alfrisadivaw,4.75,3.27,2.92,2.8299999999999996,2.52,2.4,4.45,2.12,1.79,2.2699999999999996,108,109,7,3,3.75,2.22,0.0,3.75,0.0,Extraversion
aliencuk,2.76,4.869999999999999,2.78,2.17,1.58,3.6,1.88,3.16,2.41,2.2,329,433,15,44,3.75,2.22,4.44,1.25,8.0,Openness
alifahdellaf,3.65,5.21,2.14,2.04,1.27,4.31,2.25,3.23,2.95,2.96,302,520,0,22,6.25,3.33,2.22,5.0,5.0,Extraversion
alitapuspa_,7.51,1.21,0.45,3.34,1.07,2.23,3.88,1.73,2.62,2.84,164,46,0,13,3.75,1.11,3.33,3.75,5.0,Openness
amalianadiene,4.53,1.99,1.36,3.17,0.96,2.9,3.1799999999999997,1.7,1.37,2.48,1391,627,22,59,6.25,2.22,4.44,5.0,7.0,Openness
amandapht,5.08,2.88,1.39,3.22,0.65,1.7,4.13,3.13,1.87,2.55,615,532,1,33,6.25,2.22,5.56,1.25,7.0,Openness
amhryn,5.01,2.6199999999999997,0.73,3.9099999999999997,0.95,3.01,3.63,2.37,1.32,2.68,437,1145,16,11,6.25,4.44,5.56,3.75,7.0,Openness
amindwiananda,4.7,7.33,3.32,2.61,2.51,6.02,2.15,4.31,3.78,3.46,123,33,19,97,5.0,3.33,4.44,3.75,4.0,Extraversion
ana_ot,10.91,2.98,1.83,2.0,1.19,1.98,2.2,1.88,1.44,8.78,223,102,29,232,5.0,4.44,2.22,1.25,5.0,Extraversion
anakyangtangkas,4.369999999999999,3.35,2.39,2.97,1.55,2.36,2.8,1.89,1.72,3.17,599,467,1,33,5.0,5.56,4.44,0.0,4.0,Agreeableness
andiniayu,6.81,4.45,1.31,4.41,1.19,3.19,5.65,2.52,1.45,2.79,486,299,17,40,3.75,4.44,4.44,1.25,8.0,Openness
andrisuartikaa,7.11,3.22,1.92,3.65,1.0,3.66,5.43,3.68,2.48,2.73,357,681,4,12,6.25,3.33,4.44,2.5,3.0,Extraversion
anggycaa,4.619999999999999,3.8,2.22,3.46,1.88,3.9,2.86,2.47,1.18,2.32,169,423,3,13,2.5,3.33,4.44,3.75,5.0,Openness
anissa_sani,4.08,2.28,1.59,1.37,0.9,1.46,2.51,1.6,1.41,1.94,358,153,1,42,5.0,3.33,4.44,3.75,8.0,Openness
anzjani,23.99,5.06,2.82,20.08,1.71,19.4,20.17,5.08,2.59,21.15,375,10430,12,43,3.75,2.22,5.56,0.0,2.0,Conscientiousness
apaanmanggil,5.73,3.71,2.69,3.93,2.32,5.33,5.0,3.08,0.76,4.13,106,104,6,30,1.25,3.33,2.22,5.0,3.0,Neuroticism
apdesti_,1.15,46.74,33.77,13.81,12.52,25.43,0.67,21.53,12.99,2.06,147,94,3,15,6.25,3.33,5.56,3.75,4.0,Extraversion
arangkecap,3.46,2.41,1.63,1.89,1.05,1.73,1.59,2.03,0.82,1.93,145,96,3,19,6.25,3.33,4.44,2.5,7.0,Openness
ardianitaap,5.24,2.38,1.4,3.59,0.97,2.72,4.1,2.1,2.01,3.35,303,69,39,115,6.25,3.33,2.22,3.75,5.0,Extraversion
ariefpopoh,5.51,2.5,1.26,2.39,0.76,2.5,2.95,3.58,1.19,2.21,193,168,5,28,3.75,2.22,5.56,0.0,6.0,Openness
arindyaf,3.92,2.89,1.31,2.86,1.35,2.0999999999999996,3.3899999999999997,2.16,1.42,1.9,279,416,11,11,6.25,5.56,5.56,3.75,7.0,Openness
arisetiyani12,6.71,3.75,2.6799999999999997,2.9899999999999998,0.9400000000000001,2.95,4.51,2.4699999999999998,0.94,2.23,75,66,7,7,5.0,4.44,5.56,2.5,5.0,Conscientiousness
arizamarine,5.11,2.97,2.05,3.1,0.68,3.02,3.5,2.71,2.05,3.13,167,462,13,57,1.25,4.44,5.56,5.0,3.0,Conscientiousness
arrrasseo,4.510000000000001,2.15,1.36,2.79,0.68,1.91,3.54,2.16,1.27,2.08,175,260,7,29,3.75,5.56,5.56,5.0,7.0,Openness
artikakristi,10.36,4.1,1.93,8.049999999999999,1.41,3.68,8.15,3.2,3.81,5.529999999999999,113,160,8,27,3.75,4.44,5.56,3.75,6.0,Openness
asriyahasry,6.24,3.0,2.22,2.8,1.09,2.4,4.35,2.68,1.81,2.79,295,474,2,37,5.0,3.33,4.44,2.5,6.0,Openness
astikhairunnisa,4.98,4.11,2.47,3.62,1.28,4.23,3.13,2.87,2.11,3.1,523,567,15,120,6.25,4.44,3.33,3.75,2.0,Extraversion
astridvivianni,4.24,2.1,0.61,3.09,0.49,1.51,2.8,1.14,0.98,2.22,163,126,6,11,0.0,3.33,4.44,3.75,5.0,Openness
astrifaj,8.1,4.16,1.73,7.279999999999999,1.3,3.15,6.99,2.36,3.68,7.02,249,489,1,14,5.0,4.44,3.33,2.5,2.0,Extraversion
ath_tobe,4.51,2.44,1.24,2.1999999999999997,0.7,1.49,3.51,2.24,1.12,1.8800000000000001,77,22,13,51,1.25,2.22,3.33,6.25,3.0,Neuroticism
athayaanabila,3.34,3.49,2.19,2.41,1.13,2.84,2.1599999999999997,2.72,0.9,1.78,237,300,4,21,5.0,4.44,5.56,1.25,3.0,Conscientiousness
attamufid,4.609999999999999,4.02,3.36,2.35,1.8,3.37,2.4,3.0,1.65,2.18,158,498,10,35,3.75,4.44,2.22,3.75,3.0,Agreeableness
auliapramudya_,3.13,4.37,3.51,1.01,2.8699999999999997,3.9499999999999997,2.54,2.46,0.71,1.02,178,243,1,40,5.0,5.56,5.56,5.0,5.0,Agreeableness
avidazr,5.43,3.08,2.24,2.54,1.08,3.06,2.89,2.12,1.53,3.28,51,27,10,15,6.25,3.33,2.22,6.25,4.0,Extraversion
awwlltl,5.039999999999999,1.71,1.21,2.69,0.4,1.58,3.38,1.46,1.35,2.41,291,189,13,138,1.25,2.22,0.0,5.0,2.0,Neuroticism
ayrachma,4.4799999999999995,2.98,1.14,2.71,1.09,2.1,3.23,1.91,1.06,1.84,283,142,0,25,6.25,4.44,4.44,0.0,4.0,Extraversion
azharizkita,3.16,7.98,5.7,1.6300000000000001,5.92,6.03,2.12,3.21,2.04,1.82,136,88,0,3,3.75,2.22,5.56,5.0,6.0,Openness
azwardfauzan,3.11,3.52,2.52,1.3,2.09,2.97,2.58,3.67,1.88,1.38,128,82,6,2,2.5,4.44,3.33,3.75,5.0,Openness
baksopangsitnya,5.06,2.98,1.86,2.96,0.65,2.62,3.06,2.43,1.67,2.65,157,113,7,23,3.75,3.33,5.56,6.25,7.0,Openness
bananamilxxx,3.5,5.2299999999999995,2.73,2.74,2.27,4.6,2.62,3.4,2.16,2.61,335,793,6,10,2.5,1.11,2.22,5.0,3.0,Neuroticism
belfiani,5.64,2.57,2.17,2.38,1.17,2.4,2.98,2.26,1.42,1.76,608,621,93,569,5.0,4.44,0.0,1.25,7.0,Openness
benrskbyg,3.98,2.7699999999999996,2.18,1.56,1.28,1.75,2.13,2.28,1.64,1.61,28,22,5,30,0.0,3.33,0.0,1.25,2.0,Agreeableness
bestchrysalis,4.46,4.42,2.42,2.53,1.1,3.75,2.93,3.94,1.02,1.98,353,605,4,17,6.25,5.56,5.56,1.25,5.0,Extraversion
bettyindahr,5.68,4.25,3.1599999999999997,4.7,0.81,4.1,2.92,3.81,1.21,2.24,155,26,9,7,3.75,4.44,5.56,5.0,4.0,Conscientiousness
betyratih,4.760000000000001,2.23,1.51,2.88,1.25,3.16,3.17,1.7,1.05,2.01,114,206,13,18,5.0,4.44,3.33,5.0,2.0,Extraversion
bibblegumm_,4.71,4.4799999999999995,3.16,2.94,1.99,3.77,3.01,4.069999999999999,1.87,2.06,70,41,2,12,3.75,5.56,0.0,0.0,4.0,Agreeableness
bintangphy,3.28,3.32,2.72,2.17,1.42,2.75,2.1199999999999997,3.04,1.4,1.25,176,185,3,7,5.0,4.44,1.11,1.25,5.0,Extraversion
biyaanhaz,2.82,5.11,1.81,1.52,1.01,4.68,1.72,2.8,3.48,3.36,198,191,3,25,5.0,3.33,5.56,3.75,8.0,Openness
bodoamatbrou,3.79,3.17,1.56,2.13,0.9400000000000001,1.84,2.37,2.64,1.03,1.61,81,22,3,31,5.0,3.33,3.33,3.75,5.0,Extraversion
borahyungg,4.32,4.47,3.32,2.19,2.85,3.99,2.53,3.77,1.24,1.41,245,246,4,8,6.25,2.22,3.33,5.0,7.0,Openness
brilliaflah,2.48,1.76,0.86,1.54,0.46,1.26,1.72,1.48,0.94,1.7,151,33,1,28,5.0,4.44,5.56,1.25,7.0,Openness
bukandove,3.44,6.74,4.44,2.24,4.01,5.45,2.56,6.36,0.96,1.32,87,56,0,18,5.0,3.33,2.22,2.5,2.0,Extraversion
bukanrohalia,3.15,3.3699999999999997,2.03,2.58,0.96,2.83,1.81,2.27,1.13,1.04,211,144,0,29,3.75,2.22,2.22,1.25,7.0,Openness
bvdztkvlr,3.74,1.99,2.03,2.53,0.46,0.92,2.39,1.41,1.77,3.3,69,129,5,39,2.5,3.33,5.56,1.25,6.0,Openness
canc_ers,2.73,4.35,3.61,1.79,2.77,4.03,1.6500000000000001,2.98,1.02,1.17,474,323,2,5,1.25,3.33,0.0,1.25,3.0,Agreeableness
ccarenth,7.26,5.7,1.93,7.14,2.74,3.84,6.199999999999999,3.84,2.21,5.29,368,538,14,37,5.0,5.56,5.56,0.0,8.0,Openness
chandnidevi,4.9,2.64,1.21,3.06,0.41,2.59,3.12,1.93,2.32,2.47,462,568,2,7,3.75,2.22,4.44,5.0,1.0,Neuroticism
chndooy,6.2,4.46,3.61,6.65,3.11,6.2,5.27,4.21,2.65,5.43,211,290,0,6,2.5,3.33,3.33,6.25,3.0,Neuroticism
chtime__,3.36,2.38,1.46,2.07,0.46,1.84,2.36,2.23,1.03,1.6,136,720,10,12,2.5,1.11,3.33,0.0,2.0,Conscientiousness
chyntw_,5.96,3.68,2.58,3.46,1.32,3.8,3.56,3.29,1.3,2.76,304,830,27,18,6.25,4.44,1.11,3.75,4.0,Extraversion
cipipiw,1.39,1.39,0.93,0.96,0.62,1.09,1.17,1.26,1.06,0.6,367,290,15,185,2.5,5.56,5.56,3.75,3.0,Agreeableness
citora_,7.0,2.93,1.62,5.22,1.37,3.08,5.87,2.73,1.35,4.27,116,82,24,26,3.75,3.33,1.11,6.25,6.0,Neuroticism
claraang09,2.0199999999999996,6.03,4.81,1.2,4.85,5.72,1.64,5.44,1.82,2.0,179,262,9,58,2.5,3.33,5.56,2.5,7.0,Openness
classmlild,3.41,5.42,2.11,4.25,0.68,3.51,2.65,2.65,1.21,1.71,86,83,4,36,5.0,4.44,3.33,2.5,6.0,Openness
copcopiaa,5.44,3.09,1.79,2.47,0.64,2.32,2.9899999999999998,2.93,1.07,1.81,474,832,2,25,5.0,4.44,3.33,2.5,3.0,Extraversion
crysandh,2.98,3.81,1.18,1.79,0.79,3.83,2.38,1.61,3.29,2.73,376,193,8,67,3.75,5.56,4.44,3.75,4.0,Agreeableness
dafugmbah,4.9799999999999995,1.58,1.04,3.1,1.79,1.45,4.7,2.25,1.68,2.34,1344,85,1,19,2.5,3.33,3.33,1.25,4.0,Openness
dalgonasachet,8.92,5.77,4.199999999999999,5.09,2.46,5.85,6.79,4.46,2.52,6.11,160,207,20,59,2.5,3.33,2.22,2.5,3.0,Agreeableness
dannytandean,1.94,1.21,0.65,1.57,0.36,1.21,1.06,0.59,0.96,1.12,468,518,5,20,1.25,5.56,5.56,0.0,6.0,Openness
daranagas,6.08,3.92,2.67,3.75,1.58,4.12,3.79,3.33,1.88,2.43,308,103,2,10,2.5,3.33,2.22,1.25,4.0,Openness
darna17,5.829999999999999,4.3,2.22,3.07,1.4,3.12,3.63,3.91,1.33,2.34,258,313,3,15,2.5,4.44,2.22,1.25,3.0,Agreeableness
dartina_,3.34,6.25,3.07,1.76,1.66,5.36,2.28,2.5,3.89,3.61,219,119,7,25,5.0,3.33,5.56,5.0,5.0,Conscientiousness
deliahndt,2.48,1.14,0.3,1.79,0.1,1.15,2.08,0.8,0.81,1.59,306,468,3,3,1.25,0.0,4.44,6.25,3.0,Neuroticism
dellapj_,4.72,1.47,1.08,3.41,0.75,3.0,3.14,1.47,0.8,2.94,475,794,1,24,5.0,3.33,5.56,5.0,7.0,Openness
dennisransun,3.76,6.94,1.81,2.83,0.91,7.22,2.04,2.16,6.25,6.05,1026,554,16,42,6.25,3.33,4.44,3.75,6.0,Extraversion
denokdhena,3.5,2.15,1.22,1.25,0.66,1.48,2.1,1.63,0.91,1.32,614,493,13,14,2.5,3.33,3.33,0.0,1.0,Agreeableness
destaard,3.61,3.22,2.14,2.6,1.27,2.77,1.94,2.15,1.66,1.97,162,410,6,8,5.0,4.44,5.56,1.25,5.0,Conscientiousness
destandriyani,3.33,3.05,2.28,2.79,1.47,2.82,2.22,2.64,0.84,1.68,519,2153,511,683,2.5,5.56,3.33,2.5,4.0,Agreeableness
destychaniaa,3.51,2.87,2.1,3.44,0.83,2.46,3.19,2.28,1.28,1.67,265,345,23,22,2.5,4.44,4.44,6.25,5.0,Neuroticism
detiaferlian,0.85,1.24,0.84,1.1,0.59,0.97,0.86,1.06,0.51,0.54,241,833,15,29,5.0,1.11,1.11,5.0,3.0,Extraversion
devia_riskaa,5.68,5.17,4.36,5.489999999999999,0.93,1.85,2.89,3.13,0.9400000000000001,3.07,224,245,34,153,0.0,0.0,4.44,3.75,2.0,Conscientiousness
dewirossilia,6.3,3.23,1.89,2.43,1.23,2.61,5.08,3.13,1.06,2.36,77,110,2,62,3.75,3.33,4.44,2.5,4.0,Conscientiousness
dheaniranabila,6.07,2.37,0.95,4.44,0.84,1.8,4.63,2.13,2.34,4.01,399,634,31,75,1.25,5.56,5.56,6.25,6.0,Neuroticism
dikmabelarosa,7.27,3.22,1.66,4.25,1.78,4.12,3.35,2.37,1.26,3.11,127,167,12,91,2.5,3.33,4.44,3.75,2.0,Conscientiousness
diniheryani,5.06,2.8,1.02,2.8,0.6,2.43,3.83,2.24,1.88,2.71,280,522,1,11,3.75,4.44,5.56,2.5,3.0,Conscientiousness
dippp_p,6.24,6.08,4.62,3.55,4.38,5.57,2.7899999999999996,6.07,1.72,4.38,352,656,2,62,6.25,5.56,4.44,5.0,4.0,Extraversion
ditdandep,3.2,2.26,1.74,2.44,1.31,1.81,2.17,1.72,1.86,1.97,91,101,4,40,2.5,4.44,3.33,3.75,4.0,Agreeableness
dsnmld,0.88,1.19,0.91,0.46,0.7,1.07,0.6,1.06,0.58,0.51,20,271,1,4,2.5,3.33,4.44,3.75,6.0,Openness
duwaaaay,4.57,1.68,1.12,1.76,0.81,1.59,3.14,1.84,0.99,1.46,90,30,3,14,0.0,0.0,0.0,6.25,1.0,Neuroticism
dwiahkam,6.22,1.36,0.83,6.64,0.45,1.42,4.87,1.42,2.71,5.35,208,368,4,6,3.75,3.33,3.33,1.25,6.0,Openness
dwidys_,3.32,2.14,1.53,2.05,1.06,1.75,2.3499999999999996,1.65,1.09,2.41,134,189,6,19,1.25,1.11,3.33,1.25,4.0,Openness
dwraoktavia,5.21,2.88,1.57,3.91,1.0,3.18,4.15,2.5,1.96,3.73,218,166,20,43,2.5,2.22,1.11,3.75,5.0,Openness
dyeah13,5.26,3.94,1.74,4.0,1.43,4.62,2.78,3.02,1.07,2.34,258,303,3,12,5.0,4.44,4.44,2.5,7.0,Openness
dzakimadhani,4.6,3.48,1.9,3.62,1.17,2.55,3.31,2.79,1.09,2.37,124,173,0,2,3.75,4.44,4.44,2.5,5.0,Openness
dzakyhaidar__,5.61,3.1199999999999997,1.52,6.79,0.84,2.05,3.35,2.59,0.84,4.88,482,479,7,95,3.75,4.44,5.56,0.0,4.0,Conscientiousness
effendisgurl,5.31,3.92,2.72,4.0,1.14,2.72,3.82,3.01,1.38,2.44,155,389,2,15,3.75,3.33,4.44,6.25,6.0,Neuroticism
egabetari,4.859999999999999,4.39,2.9,2.5,1.31,3.57,3.52,3.3,2.72,2.32,208,210,2,9,5.0,3.33,3.33,5.0,5.0,Extraversion
ejakulasi_,3.18,2.08,1.08,2.02,1.08,1.82,2.28,2.06,0.96,1.82,468,5470,193,280,2.5,3.33,3.33,2.5,5.0,Openness
ekahanda,6.06,5.63,3.11,6.03,1.74,4.44,4.76,3.83,2.66,3.83,822,552,1,1,3.75,3.33,3.33,5.0,3.0,Neuroticism
elidoff,4.49,2.72,1.87,2.4,0.91,2.19,2.62,2.31,1.31,1.84,297,221,20,164,2.5,1.11,3.33,5.0,8.0,Openness
emanggemeshin,5.35,3.02,1.93,2.88,1.06,2.5100000000000002,3.48,2.82,1.12,2.95,144,93,1,14,5.0,5.56,5.56,2.5,8.0,Openness
erisyaeris,10.12,5.61,2.65,3.81,0.93,4.07,3.9,4.35,1.35,5.69,307,395,18,71,5.0,1.11,4.44,2.5,4.0,Extraversion
ervhans,6.9,4.11,2.37,4.32,2.59,2.9299999999999997,4.41,4.48,1.96,4.27,524,40,7,12,3.75,3.33,2.22,1.25,3.0,Extraversion
esjaeruk,4.01,2.9,1.73,2.8099999999999996,1.72,2.65,3.05,2.02,1.27,1.94,516,205,1,10,1.25,3.33,0.0,6.25,4.0,Neuroticism
estlrsty,4.6,3.47,2.7,4.39,1.94,3.17,3.65,2.76,1.96,3.65,212,634,109,963,2.5,3.33,5.56,2.5,7.0,Openness
evaxevi,6.09,4.47,3.34,5.03,1.25,4.75,3.7,4.26,1.98,3.28,261,439,6,33,6.25,4.44,5.56,1.25,8.0,Openness
eyaaaxx,4.09,5.84,3.18,2.96,0.97,2.63,3.7,6.1899999999999995,0.71,1.55,47,11,0,5,5.0,5.56,3.33,5.0,3.0,Agreeableness
fadfadholic,6.13,4.91,3.79,5.55,1.37,3.75,3.64,5.53,1.12,2.35,162,256,2,18,5.0,3.33,1.11,1.25,5.0,Extraversion
fanirchm27,3.91,3.34,1.17,3.7600000000000002,0.97,2.95,2.36,2.28,0.94,2.72,552,905,4,7,3.75,5.56,4.44,3.75,4.0,Agreeableness
farahmhdyyh,2.77,2.51,1.59,1.44,0.7,1.45,1.29,2.07,0.78,1.52,115,93,2,17,3.75,4.44,5.56,3.75,6.0,Openness
febrianirevita,6.74,3.8299999999999996,2.5999999999999996,3.7899999999999996,1.82,3.06,5.19,3.8899999999999997,1.43,2.36,503,381,10,109,1.25,0.0,4.44,5.0,6.0,Openness
fia_lutfiazhari,4.78,3.97,2.75,2.99,1.31,3.45,3.08,3.08,1.15,2.3,381,634,5,54,6.25,5.56,5.56,3.75,7.0,Openness
fildzahanais,8.15,5.22,2.69,3.68,3.37,3.96,6.38,6.29,1.27,4.12,394,123,12,40,6.25,4.44,5.56,1.25,7.0,Openness
finaihsani,3.1399999999999997,2.61,1.56,2.23,0.85,2.28,1.53,2.29,0.79,1.41,352,424,0,7,2.5,3.33,4.44,5.0,4.0,Neuroticism
firda0305,8.28,4.36,2.54,4.5,1.13,5.04,4.55,3.99,1.3,2.5,337,95,11,19,0.0,4.44,3.33,3.75,6.0,Openness
firdahanifa_,2.4899999999999998,1.67,1.12,1.39,0.59,1.36,1.29,1.28,0.51,0.86,309,338,18,19,0.0,4.44,4.44,5.0,5.0,Neuroticism
firstyfelanda,6.85,3.55,2.79,5.84,1.2,3.56,6.4,3.17,1.98,4.77,273,492,8,89,2.5,4.44,5.56,6.25,7.0,Openness
fitriindy,8.92,5.15,4.16,6.04,2.15,4.16,6.83,5.09,2.76,6.35,112,280,6,24,5.0,4.44,5.56,0.0,5.0,Conscientiousness
fitrisip,14.79,8.3,4.06,11.51,2.66,4.75,9.739999999999998,6.27,3.07,8.6,160,265,5,13,2.5,4.44,5.56,2.5,4.0,Conscientiousness
g1tsy,3.65,2.62,1.41,3.04,0.81,1.9,2.78,2.3,0.95,1.82,185,69,10,18,2.5,3.33,2.22,6.25,4.0,Neuroticism
ghias_yusuf,3.03,6.88,2.07,1.91,2.3299999999999996,6.7,2.58,3.65,5.41,5.21,273,304,7,22,3.75,5.56,3.33,2.5,1.0,Agreeableness
gieskalaila,2.51,3.73,1.15,1.85,0.76,2.67,1.72,1.28,1.78,2.62,223,361,12,21,2.5,4.44,4.44,0.0,6.0,Openness
gorjesparkle,3.39,2.65,1.58,2.57,1.1400000000000001,2.02,2.25,2.21,1.27,2.14,223,342,2,9,5.0,4.44,5.56,3.75,5.0,Conscientiousness
gramelt,6.86,3.3,1.8,3.6399999999999997,1.36,3.3099999999999996,4.06,2.87,2.16,2.88,281,420,3,14,1.25,4.44,3.33,1.25,4.0,Agreeableness
granweastery,3.77,2.52,1.74,2.1999999999999997,0.69,1.49,2.0,2.11,1.11,2.2399999999999998,158,228,2,6,2.5,5.56,1.11,6.25,5.0,Neuroticism
greeniscalming,8.42,4.71,3.72,3.53,0.89,3.89,4.31,4.08,2.33,4.28,239,77,17,82,5.0,3.33,5.56,1.25,7.0,Openness
grestina,9.81,3.78,1.01,3.5399999999999996,2.39,3.43,8.74,3.65,1.41,3.53,132,185,21,4,6.25,4.44,5.56,5.0,7.0,Openness
griffitpypiet,4.39,7.18,6.76,2.84,5.63,6.92,3.02,1.48,1.87,2.4499999999999997,943,432,7,63,3.75,2.22,5.56,2.5,6.0,Openness
gthagrace,4.19,1.4,0.47,3.68,0.41,0.22,3.67,0.68,2.57,1.9,81,15,3,41,0.0,4.44,4.44,3.75,0.0,Agreeableness
gustianarii,5.15,3.89,1.93,4.04,1.6,3.37,3.37,3.39,0.74,1.43,465,195,11,28,0.0,1.11,2.22,5.0,3.0,Neuroticism
h3llatrash,4.08,4.33,3.12,2.42,1.71,3.71,2.78,4.06,2.26,2.01,388,686,112,275,1.25,0.0,4.44,6.25,8.0,Openness
haluhaluclubbb,7.43,2.15,1.61,3.74,0.43,2.57,4.37,2.25,1.45,4.29,380,305,16,27,0.0,0.0,0.0,0.0,0.0,Extraversion
hani_ristiawan,8.3,3.21,1.6,1.84,1.73,2.0,2.33,1.85,0.89,5.58,364,197,29,90,1.25,1.11,0.0,5.0,7.0,Openness
hapsarihn,5.78,3.49,2.49,4.55,1.13,3.08,3.65,2.89,1.17,2.79,317,350,34,88,3.75,3.33,5.56,5.0,2.0,Conscientiousness
hasinanr,2.94,1.62,0.66,2.0599999999999996,0.45,0.84,2.1799999999999997,1.19,0.9400000000000001,1.78,290,336,2,27,3.75,5.56,4.44,6.25,7.0,Openness
hawaariyy,12.040000000000001,4.529999999999999,3.86,8.21,1.56,8.01,9.48,4.13,4.09,9.01,376,696,2,7,6.25,4.44,4.44,0.0,6.0,Extraversion
hazizaanifa,5.46,3.41,1.98,3.7199999999999998,1.26,3.51,3.33,1.99,1.04,2.1,242,238,3,28,5.0,5.56,5.56,2.5,7.0,Openness
hermajestyrania,6.16,4.38,4.2,3.8,2.68,2.87,4.33,2.78,2.36,3.82,880,694,81,551,1.25,1.11,5.56,3.75,5.0,Conscientiousness
heyhestyy,6.44,5.33,2.28,4.64,2.2,4.8,3.38,4.88,2.17,2.67,280,683,12,19,5.0,5.56,4.44,3.75,8.0,Openness
hidadahida,10.49,3.1999999999999997,1.34,9.7,0.59,9.18,9.3,1.62,1.15,8.85,251,254,4,5,2.5,4.44,5.56,5.0,7.0,Openness
hkawilarangg,5.21,3.01,2.45,3.3,1.68,3.58,2.57,3.29,1.23,1.73,460,642,4,33,6.25,2.22,4.44,0.0,2.0,Extraversion
hlutami,4.67,3.88,2.08,2.09,1.34,2.0399999999999996,3.53,3.3,0.93,2.01,393,368,7,26,6.25,5.56,5.56,6.25,7.0,Openness
husnavinaa,8.27,5.13,3.12,5.1,1.78,4.15,4.3,3.63,2.03,4.279999999999999,255,264,12,85,2.5,3.33,3.33,2.5,4.0,Openness
hypertenshit,3.59,2.3,1.87,2.36,1.41,1.85,2.89,2.6,1.25,1.81,574,465,2,5,1.25,3.33,2.22,5.0,5.0,Neuroticism
i_frankenstein,4.02,2.99,1.52,2.88,0.86,2.05,3.12,2.17,0.79,2.63,313,447,27,35,5.0,5.56,5.56,1.25,8.0,Openness
ibnubons,5.32,3.02,1.01,3.34,1.3,2.44,3.34,1.82,0.89,3.5300000000000002,181,213,9,19,6.25,5.56,3.33,3.75,4.0,Extraversion
idrisg8,3.17,3.72,2.56,2.34,1.93,2.57,2.1,2.27,1.69,1.57,1191,283,25,68,3.75,5.56,4.44,6.25,3.0,Neuroticism
iffamee,5.09,4.47,2.42,2.82,1.06,2.98,3.32,3.9899999999999998,1.29,2.13,584,592,1,17,3.75,4.44,1.11,3.75,0.0,Agreeableness
iftitahptr,3.66,3.73,2.13,2.8,1.59,2.82,2.9099999999999997,3.09,0.92,3.15,103,85,11,135,1.25,4.44,0.0,2.5,3.0,Agreeableness
ikhwaaaaann,5.29,1.82,1.13,3.28,0.63,1.92,3.38,1.12,0.84,3.1399999999999997,98,76,3,34,5.0,4.44,5.56,5.0,7.0,Openness
ilma678,5.11,3.34,1.94,3.19,1.1,3.75,2.27,2.77,1.45,1.71,212,252,13,23,2.5,2.22,4.44,3.75,3.0,Conscientiousness
imaashoima,2.62,1.54,0.82,1.26,0.78,1.58,1.38,1.36,0.46,1.36,61,75,1,18,2.5,3.33,2.22,5.0,4.0,Neuroticism
imadamii,3.71,3.36,2.3,2.69,0.96,3.2399999999999998,2.65,2.88,1.36,1.98,327,268,18,13,2.5,4.44,2.22,1.25,6.0,Openness
imfnia,3.63,2.07,1.51,2.25,0.59,2.28,1.61,1.8,0.78,1.79,374,452,5,42,2.5,4.44,5.56,2.5,4.0,Conscientiousness
indahastikas,6.28,4.92,2.45,3.27,1.85,2.46,4.93,3.53,1.03,2.06,209,313,11,31,5.0,4.44,4.44,5.0,6.0,Openness
inditarizky,4.34,3.67,1.21,3.97,0.8,1.81,3.65,1.76,1.35,2.56,146,323,8,15,6.25,5.56,5.56,6.25,8.0,Openness
indraszlaila,5.83,3.51,2.76,4.44,0.44,2.69,2.23,3.27,1.22,2.86,177,181,11,12,2.5,3.33,4.44,3.75,7.0,Openness
indrayyyy_,3.9,3.13,1.74,2.26,0.99,3.26,2.3699999999999997,2.97,1.12,1.62,348,156,3,22,6.25,5.56,3.33,5.0,7.0,Openness
inesprat_,9.3,7.34,3.26,5.84,5.1,5.23,8.190000000000001,6.2,1.91,4.59,226,211,41,50,3.75,3.33,3.33,0.0,7.0,Openness
inkafbrn,3.21,2.23,0.55,1.02,0.8,1.26,1.8,2.03,0.53,0.96,566,2075,5,119,6.25,3.33,5.56,1.25,7.0,Openness
innocentpep,3.83,2.6399999999999997,1.89,2.72,0.68,1.82,2.63,2.15,0.97,2.09,298,363,4,9,5.0,3.33,2.22,2.5,7.0,Openness
intansakina28,5.67,2.69,1.99,3.94,1.08,2.89,4.12,2.47,1.3,3.2899999999999996,529,1084,33,57,6.25,4.44,3.33,1.25,7.0,Openness
introperti,4.67,2.39,1.34,3.19,0.41,2.32,2.74,2.23,1.23,1.8800000000000001,113,485,10,14,1.25,2.22,4.44,3.75,2.0,Conscientiousness
iqbalpaz,8.36,3.51,3.46,3.12,1.18,2.89,3.46,3.1,2.55,4.609999999999999,493,453,14,76,6.25,4.44,5.56,0.0,6.0,Extraversion
ireenarum,5.48,3.44,1.72,2.5,1.06,2.51,3.79,2.93,0.36,2.38,613,734,2,8,5.0,2.22,5.56,3.75,4.0,Conscientiousness
isnakhairi,3.03,2.25,1.74,2.21,0.9,2.08,2.01,1.88,0.77,1.75,249,231,6,40,2.5,3.33,4.44,1.25,6.0,Openness
itshardys,2.19,3.1,2.21,1.08,1.92,2.72,1.96,1.77,1.55,1.61,237,152,1,3,3.75,3.33,1.11,0.0,3.0,Extraversion
ivyeol,4.97,3.6,2.36,4.01,1.87,4.04,3.69,3.81,2.04,2.66,211,205,34,29,0.0,5.56,2.22,6.25,2.0,Neuroticism
januarrmdhn,12.59,3.02,1.58,7.13,1.11,5.109999999999999,8.41,2.03,3.12,6.22,245,479,15,70,6.25,4.44,3.33,2.5,4.0,Extraversion
joabaldo,27.02,5.47,4.48,19.740000000000002,3.1,12.56,16.32,4.3,3.03,19.41,92,231,19,94,6.25,5.56,5.56,0.0,6.0,Extraversion
joeniararief,16.930000000000003,7.03,6.91,10.37,3.22,6.63,12.65,5.39,3.28,9.29,603,6117,55,158,3.75,4.44,3.33,2.5,6.0,Openness
jollajoly,4.03,3.12,1.16,4.12,1.37,2.46,4.8,2.5,1.08,2.15,293,261,12,35,2.5,5.56,3.33,6.25,4.0,Neuroticism
juliandennis1,2.5,2.27,2.03,0.52,1.7,2.19,2.02,0.4,0.47,1.49,435,595,5,38,6.25,5.56,4.44,1.25,6.0,Extraversion
juliepuspita01,6.01,3.25,3.58,2.32,1.6,3.59,4.19,4.03,2.29,3.62,102,7,34,63,1.25,0.0,0.0,6.25,5.0,Neuroticism
jundie_m,3.38,4.54,3.5599999999999996,2.37,2.36,3.19,2.34,3.26,1.82,2.54,80,61,1,112,5.0,4.44,0.0,6.25,4.0,Neuroticism
jusrambai,10.129999999999999,3.5,4.1,5.13,0.88,3.05,6.05,3.4,4.0,5.609999999999999,632,427,29,61,6.25,3.33,5.56,6.25,8.0,Openness
juwitasdrman,5.220000000000001,1.7,1.28,4.49,1.22,1.78,4.800000000000001,1.38,1.35,4.15,262,215,12,23,6.25,4.44,5.56,3.75,5.0,Extraversion
kalisnakal,3.1199999999999997,3.09,2.02,2.5399999999999996,1.35,2.75,1.67,2.4299999999999997,0.66,1.86,422,706,7,6,5.0,5.56,5.56,6.25,7.0,Openness
kasurjalan,7.76,3.29,1.97,6.63,1.3,5.96,3.15,2.75,1.41,2.64,67,12,26,56,1.25,2.22,3.33,2.5,7.0,Openness
kasurlante,4.38,2.16,1.95,2.36,0.75,1.76,2.69,1.7,1.7,2.69,140,12,8,40,2.5,3.33,4.44,5.0,4.0,Neuroticism
kawaipuna_,8.04,4.46,2.67,5.1,1.76,3.24,5.13,2.44,2.84,4.21,86,75,41,96,2.5,4.44,5.56,0.0,8.0,Openness
keiziasyf,3.42,2.75,1.87,3.39,1.64,2.38,2.61,2.73,1.27,2.04,335,251,12,133,5.0,1.11,2.22,6.25,6.0,Neuroticism
kepikbesar,6.5,4.45,3.28,3.27,1.75,3.2,4.91,3.51,2.79,3.32,261,277,11,295,2.5,2.22,5.56,2.5,7.0,Openness
kerakteloorr,4.15,2.85,1.46,2.5100000000000002,1.24,3.34,2.79,3.0,1.49,2.38,342,279,2,5,6.25,3.33,5.56,6.25,8.0,Openness
kharismagpri,6.8,3.38,2.43,4.15,1.13,2.72,4.15,2.61,1.56,2.63,193,127,13,27,0.0,4.44,2.22,5.0,7.0,Openness
khelian_ni_s,7.33,4.03,3.09,5.51,0.98,4.91,4.359999999999999,3.34,1.8,4.4799999999999995,11,2,2,7,6.25,4.44,4.44,1.25,7.0,Openness
ki_cuu,4.07,2.68,1.56,3.15,0.9,2.09,3.14,1.77,1.03,1.74,130,183,3,70,2.5,3.33,2.22,1.25,3.0,Agreeableness
kimsatgat2,5.1,10.969999999999999,9.18,3.1,8.77,11.379999999999999,3.57,10.34,1.64,2.97,181,73,5,22,6.25,2.22,1.11,5.0,5.0,Extraversion
kirannaurora,6.67,3.55,3.11,5.76,1.5,6.24,5.11,3.47,1.77,4.5,32,22,35,226,3.75,5.56,5.56,5.0,4.0,Agreeableness
kodelle_,4.37,3.88,2.66,3.07,0.9,2.75,2.95,2.46,1.74,2.65,233,719,2,26,2.5,3.33,2.22,5.0,5.0,Neuroticism
kokocrvnch,8.52,6.69,4.18,6.53,1.98,4.8,4.95,5.23,2.7,3.99,941,352,5,40,5.0,4.44,5.56,5.0,8.0,Openness
komalasari_ak,4.66,4.819999999999999,3.6199999999999997,3.23,1.96,3.69,1.96,3.74,1.46,2.47,149,188,0,13,3.75,4.44,4.44,2.5,3.0,Agreeableness
krisnawah,8.719999999999999,6.7,4.74,5.62,1.9,6.38,3.95,5.84,2.56,3.34,71,18,5,110,3.75,4.44,5.56,0.0,6.0,Openness
kucingsmanda_,3.24,2.15,1.52,2.16,1.3,2.22,2.23,2.38,0.97,2.3,309,131,4,47,3.75,4.44,5.56,3.75,7.0,Openness
kumanokabe_,4.15,3.58,2.46,2.98,1.15,2.67,1.91,2.78,1.04,1.58,365,164,5,25,6.25,3.33,0.0,0.0,3.0,Extraversion
ladafiq,9.89,6.69,4.94,6.94,1.11,6.61,4.54,6.29,1.97,3.48,532,595,1,102,1.25,4.44,3.33,5.0,6.0,Openness
lailapurnamas,7.34,2.08,0.86,4.55,0.74,4.6,5.2,2.81,0.71,4.79,676,674,9,6,5.0,4.44,4.44,0.0,6.0,Openness
lalenamanoban,3.5799999999999996,4.37,2.3,2.6999999999999997,1.11,2.37,2.9699999999999998,3.8,1.65,1.72,260,284,3,19,1.25,5.56,4.44,5.0,7.0,Openness
latifanajla__,3.34,2.47,1.1,2.53,0.66,1.64,2.4,1.66,0.49,1.59,97,87,2,15,5.0,4.44,2.22,2.5,7.0,Openness
latifasyf,4.21,2.7,1.39,2.9899999999999998,1.24,1.98,2.88,1.91,1.31,2.57,183,220,17,20,0.0,3.33,4.44,6.25,6.0,Neuroticism
leoagung98,5.29,3.31,2.59,3.28,1.54,2.81,3.0,3.0,0.96,3.23,112,68,3,25,5.0,2.22,4.44,1.25,7.0,Openness
lerinarin,4.4399999999999995,4.39,2.76,3.18,1.0,3.99,2.21,3.47,1.79,1.62,421,512,27,70,0.0,3.33,1.11,2.5,3.0,Agreeableness
liawatii_,3.79,1.67,1.15,2.19,0.81,1.6400000000000001,2.92,2.15,0.69,2.26,250,296,16,42,2.5,5.56,2.22,3.75,2.0,Agreeableness
liayurh_,4.75,8.08,0.83,3.91,0.86,9.0,4.5200000000000005,8.02,0.69,2.82,396,979,1,16,2.5,4.44,5.56,3.75,4.0,Conscientiousness
liestianoviani,7.92,3.33,2.59,4.57,1.51,4.47,5.16,3.68,1.45,5.21,379,429,5,19,5.0,4.44,0.0,5.0,4.0,Extraversion
linggaralfi,2.28,2.3,0.97,1.82,0.59,1.63,1.72,1.35,1.25,1.85,342,571,0,29,5.0,3.33,1.11,1.25,6.0,Openness
liputarinns,5.04,4.26,2.79,2.78,1.94,3.29,3.61,3.79,1.93,2.18,349,689,5,57,2.5,2.22,4.44,5.0,3.0,Neuroticism
llakhr,2.8099999999999996,1.68,1.03,2.36,0.71,1.39,2.04,1.64,0.92,1.56,99,458,12,46,0.0,1.11,3.33,5.0,5.0,Neuroticism
lulufrdni,3.28,3.75,2.47,3.35,1.59,2.84,2.5,2.89,1.22,1.68,578,945,6,17,3.75,4.44,4.44,2.5,1.0,Agreeableness
marisahafsyah94,3.47,2.36,1.6,2.62,1.32,1.7,2.5,1.89,1.37,2.35,495,563,1,34,5.0,4.44,5.56,0.0,4.0,Conscientiousness
maulanariandi,3.8,2.48,1.75,3.17,1.23,2.5999999999999996,2.47,1.9,1.15,1.95,619,528,6,38,5.0,5.56,5.56,2.5,6.0,Openness
mautongue,3.09,4.44,1.65,2.74,0.88,4.01,1.43,2.7,2.58,2.18,321,1238,7,6,5.0,4.44,4.44,6.25,4.0,Neuroticism
megapsmr,3.76,2.32,1.89,2.27,1.07,2.06,2.7199999999999998,1.77,1.7,2.21,307,437,24,16,3.75,5.56,5.56,0.0,3.0,Agreeableness
mellamotis,4.89,1.94,0.67,3.46,0.62,2.16,3.22,2.47,0.91,1.52,118,93,1,5,6.25,2.22,4.44,5.0,5.0,Extraversion
melyst94,5.53,3.9499999999999997,2.46,2.64,1.26,3.9099999999999997,2.2,2.84,1.84,2.41,93,183,42,225,5.0,5.56,4.44,5.0,8.0,Openness
meniaclosia,9.44,7.1,5.16,4.72,1.82,6.19,5.69,5.66,3.89,4.26,316,323,2,15,3.75,2.22,5.56,0.0,5.0,Conscientiousness
messylusmitha,3.71,4.57,2.93,3.6,1.9,4.22,2.47,3.29,2.2,1.53,262,338,2,69,3.75,3.33,3.33,1.25,4.0,Openness
metinaayu_,5.1499999999999995,4.02,2.09,3.44,1.03,1.97,3.32,2.85,1.83,3.43,469,1170,8,49,5.0,4.44,3.33,1.25,7.0,Openness
micinsassae,3.31,4.67,1.62,2.41,0.73,3.1999999999999997,1.56,2.68,1.89,2.44,159,208,3,9,5.0,1.11,4.44,3.75,5.0,Extraversion
miftahulilma10,4.09,2.86,1.77,1.76,0.98,2.0,3.45,3.65,1.27,1.35,236,217,1,102,2.5,3.33,2.22,5.0,4.0,Neuroticism
mininoenk,4.17,2.42,1.77,2.48,0.85,2.1199999999999997,2.32,2.3699999999999997,1.16,2.03,493,485,6,12,5.0,4.44,1.11,5.0,5.0,Extraversion
msyitams,5.63,3.73,1.98,4.1,1.28,4.37,4.71,3.4899999999999998,1.48,3.79,747,558,8,17,5.0,5.56,3.33,6.25,6.0,Neuroticism
muthiaf10,15.82,2.73,2.23,8.29,0.79,7.8999999999999995,13.32,2.62,3.0700000000000003,9.19,327,370,10,22,3.75,4.44,5.56,1.25,5.0,Conscientiousness
nabilatunss,3.18,2.23,1.88,2.53,0.77,2.4,2.47,1.9,1.55,1.58,272,259,0,29,1.25,5.56,1.11,6.25,1.0,Neuroticism
nadhira42,4.51,3.7399999999999998,1.11,4.07,1.51,2.26,3.11,2.07,1.86,2.73,84,64,16,1,1.25,0.0,3.33,5.0,7.0,Openness
nadiadjibran,8.05,5.25,4.04,4.85,2.19,5.23,3.22,4.55,2.14,2.75,350,727,14,47,0.0,2.22,0.0,6.25,2.0,Neuroticism
nadihng,3.99,6.59,1.19,1.41,1.1,4.65,2.69,3.33,3.44,3.52,250,319,8,22,3.75,1.11,1.11,1.25,2.0,Extraversion
nadyaulfahn,11.63,4.62,3.94,5.24,2.09,4.78,7.45,3.57,2.46,6.66,595,434,11,62,2.5,4.44,4.44,3.75,6.0,Openness
nailazulfanz,10.66,2.84,1.69,6.55,1.04,3.33,7.18,2.67,2.38,7.7,151,36,20,112,5.0,5.56,4.44,1.25,8.0,Openness
nanasambara,4.61,3.32,1.76,2.52,0.9,1.38,2.92,2.76,1.73,2.94,152,60,22,45,3.75,4.44,4.44,1.25,3.0,Agreeableness
nanuazz,5.47,3.95,2.66,3.8,1.72,4.42,3.01,3.06,1.25,3.2,197,260,13,25,5.0,3.33,4.44,3.75,6.0,Openness
nauli_permata,3.49,2.15,0.85,3.43,0.71,3.08,1.86,1.0,0.66,1.42,117,46,12,24,1.25,0.0,1.11,2.5,4.0,Openness
nevienpan,5.97,2.93,2.05,5.14,1.09,2.05,4.33,2.63,0.88,3.82,170,216,13,6,6.25,5.56,4.44,1.25,5.0,Extraversion
niazmi_,11.02,3.72,1.64,8.17,1.26,2.27,8.06,2.75,4.37,5.19,68,90,11,23,1.25,2.22,1.11,1.25,3.0,Openness
nidakarin,2.73,2.18,1.52,1.97,0.69,1.52,2.27,2.02,0.53,1.72,192,152,9,1,5.0,2.22,4.44,5.0,3.0,Extraversion
nneninot1996,3.88,2.1399999999999997,0.62,2.79,0.33,1.67,3.13,1.94,0.93,1.75,291,472,0,26,6.25,3.33,5.56,0.0,3.0,Extraversion
nopiynovi,8.42,7.89,5.08,8.62,1.25,7.72,6.48,5.57,4.5,4.05,344,380,8,37,5.0,2.22,2.22,0.0,4.0,Extraversion
normalvira,5.569999999999999,3.67,1.52,4.6,0.46,3.86,4.67,2.52,2.41,3.94,206,445,5,19,1.25,4.44,5.56,0.0,2.0,Conscientiousness
novia_pqr,5.43,3.11,2.17,3.5399999999999996,0.66,2.61,3.9699999999999998,2.4,1.75,3.76,176,259,11,33,5.0,4.44,5.56,2.5,5.0,Conscientiousness
novitakurniap,3.04,2.77,1.47,3.34,0.53,2.02,2.4,1.86,1.22,1.73,285,416,0,26,3.75,3.33,3.33,1.25,4.0,Openness
novitnurul,9.17,4.13,2.38,5.22,1.65,5.51,8.0,3.5,2.65,5.17,291,512,15,41,2.5,3.33,2.22,2.5,3.0,Agreeableness
nstlstnngrm,3.81,2.88,1.95,2.56,1.41,2.66,1.99,2.6,1.47,1.98,151,425,1,30,2.5,4.44,4.44,3.75,8.0,Openness
nurulainiii,7.04,5.03,2.51,5.29,1.9,4.29,4.69,4.07,1.76,2.89,276,930,10,10,0.0,2.22,4.44,5.0,3.0,Neuroticism
nwindaputri,3.59,2.73,1.66,2.32,1.14,2.98,1.31,2.06,0.75,1.01,106,282,16,19,3.75,5.56,5.56,3.75,7.0,Openness
ociirosiana,6.18,3.37,1.79,2.71,0.68,2.68,4.159999999999999,2.57,1.65,2.21,304,434,13,71,5.0,4.44,5.56,0.0,4.0,Conscientiousness
okkyskripsi,2.31,2.1,1.67,1.3,0.77,1.81,1.53,1.75,0.93,1.51,347,209,5,40,5.0,5.56,3.33,0.0,7.0,Openness
okyranda,5.0200000000000005,3.48,2.13,3.2800000000000002,1.2,2.78,3.8,2.7,2.37,2.84,525,421,20,59,3.75,4.44,5.56,5.0,5.0,Conscientiousness
oneperson01_,4.28,3.7699999999999996,2.78,4.56,1.35,3.57,3.18,3.78,1.38,2.71,272,100,5,39,2.5,4.44,2.22,1.25,2.0,Agreeableness
ovilsp,8.03,3.41,2.25,5.23,1.38,4.92,5.16,3.34,0.81,1.0,217,258,3,2,1.25,4.44,2.22,6.25,6.0,Neuroticism
owkowkok,3.32,2.66,1.95,2.02,1.45,1.66,2.71,1.68,2.06,2.59,490,391,5,243,0.0,3.33,0.0,6.25,4.0,Neuroticism
oziechonky,8.03,1.77,1.22,5.04,0.7,1.59,6.47,1.25,4.24,3.07,323,205,38,68,6.25,3.33,5.56,1.25,7.0,Openness
pelangikecilll,4.47,4.85,2.77,3.8,1.07,3.53,2.41,3.0,1.11,2.23,314,625,8,15,3.75,3.33,2.22,6.25,6.0,Neuroticism
phoebee_ip,3.71,4.54,3.25,2.68,2.03,3.8499999999999996,2.6,3.99,2.53,2.16,127,252,3,50,1.25,2.22,2.22,5.0,6.0,Openness
pinchipowww,2.64,2.55,2.03,1.68,1.93,2.63,1.84,2.53,1.57,1.76,900,1042,2,8,5.0,4.44,2.22,0.0,2.0,Extraversion
pinochiao,2.9,1.18,0.65,1.38,0.38,1.3,2.22,1.01,0.76,1.15,1769,1095,6,41,2.5,1.11,1.11,3.75,6.0,Openness
pocagurii,2.29,4.26,2.89,1.62,2.9,3.64,1.82,3.98,1.26,0.96,229,172,3,40,5.0,5.56,4.44,5.0,6.0,Openness
prastikavivi,5.16,3.72,2.48,3.73,1.26,3.17,3.22,3.45,2.4,2.22,120,323,4,73,5.0,4.44,5.56,3.75,6.0,Openness
prialitaf,5.75,3.16,2.08,4.6,1.22,4.19,2.99,2.46,1.11,2.01,252,286,4,7,0.0,2.22,1.11,1.25,2.0,Agreeableness
ptorianns,5.32,4.94,3.59,3.3499999999999996,1.31,2.6399999999999997,3.5,3.78,1.23,2.07,261,31,4,66,3.75,5.56,3.33,3.75,4.0,Agreeableness
pujaypujilpuu,2.85,2.85,1.14,1.75,1.61,1.45,1.58,1.63,0.6,0.79,338,372,2,88,2.5,3.33,3.33,2.5,2.0,Agreeableness
pujisay,6.96,4.29,2.1,2.52,1.52,3.25,4.93,3.45,1.89,1.9,151,123,0,21,0.0,5.56,2.22,0.0,2.0,Agreeableness
punyauname,6.72,3.43,4.08,4.41,1.44,2.55,5.1,3.43,3.05,3.43,629,428,11,31,1.25,4.44,1.11,5.0,3.0,Neuroticism
puspapradinaa,4.7,4.04,1.91,4.11,1.01,5.0,2.7,3.21,1.5,2.59,221,250,1,6,6.25,4.44,1.11,0.0,2.0,Extraversion
puten_hijau,6.88,4.53,3.1,2.58,1.13,2.97,4.68,4.29,1.46,3.83,341,305,29,109,2.5,4.44,4.44,1.25,4.0,Agreeableness
puteriroro,3.0999999999999996,2.65,1.37,1.91,0.66,1.7,1.74,2.23,1.12,1.73,178,292,43,134,5.0,2.22,5.56,2.5,5.0,Conscientiousness
putriyuniardi,7.55,5.319999999999999,2.81,5.95,2.04,5.12,5.8,3.76,2.95,6.0,397,696,3,17,5.0,5.56,2.22,6.25,2.0,Neuroticism
qthrnnada,2.51,2.38,1.26,2.67,0.42,1.57,2.03,1.73,0.67,1.31,192,280,7,31,1.25,3.33,2.22,6.25,2.0,Neuroticism
r_fiika,5.5,3.79,2.01,4.88,1.21,4.45,2.92,2.99,2.0399999999999996,2.96,136,284,2,14,3.75,3.33,4.44,1.25,5.0,Openness
rafitaasr,4.29,3.43,2.18,3.2,1.25,2.73,2.94,2.59,2.0,2.73,109,360,6,54,5.0,3.33,5.56,2.5,5.0,Conscientiousness
rahmaarindapp,5.17,4.13,2.18,4.65,1.74,4.13,3.31,3.01,1.15,2.4,82,28,2,49,5.0,4.44,5.56,5.0,4.0,Conscientiousness
rahmahwanti,3.6,2.95,2.09,2.88,1.55,1.95,2.77,2.44,0.89,2.26,306,610,9,11,3.75,4.44,5.56,1.25,6.0,Openness
rahmatfathoni,3.55,6.05,2.76,4.19,1.22,3.06,2.82,1.58,1.42,2.57,259,239,16,0,1.25,4.44,2.22,5.0,4.0,Neuroticism
rallyanta,6.54,3.3,2.75,3.39,0.93,2.4499999999999997,4.59,3.05,1.9200000000000002,3.8,310,336,19,35,5.0,4.44,5.56,1.25,6.0,Openness
ramdaneinstein,6.61,2.18,1.16,3.15,0.92,2.25,3.72,1.57,1.72,3.31,518,307,17,39,3.75,5.56,2.22,2.5,7.0,Openness
rdtlfiqryaj,6.31,3.55,2.21,4.53,0.88,2.59,4.05,3.13,1.94,3.0,114,31,1,23,1.25,4.44,2.22,5.0,4.0,Neuroticism
readytomingie,2.52,5.23,4.17,1.87,3.59,4.21,2.15,4.13,1.0,1.75,346,287,12,24,3.75,3.33,4.44,2.5,8.0,Openness
rianita_sm,8.47,2.6,1.43,6.93,1.22,2.26,6.82,2.53,4.21,5.08,343,248,2,24,3.75,4.44,5.56,5.0,4.0,Conscientiousness
rierabcd,6.08,3.31,2.58,3.99,0.98,3.56,3.92,3.53,1.78,3.17,180,123,1,27,1.25,2.22,1.11,6.25,4.0,Neuroticism
risdahlbs,2.45,2.75,1.4,2.34,0.99,1.79,1.79,2.92,0.94,1.11,193,435,11,18,3.75,2.22,5.56,2.5,7.0,Openness
riskaadesuryani,9.5,7.89,6.74,10.66,0.81,8.31,4.74,7.33,1.18,1.74,821,1440,5,27,3.75,5.56,5.56,3.75,7.0,Openness
rizka_christian,3.3299999999999996,1.88,0.72,1.23,1.16,1.63,1.95,2.24,0.68,1.57,53,1892,0,33,2.5,2.22,3.33,6.25,1.0,Neuroticism
rizkaaulia,5.58,3.02,2.01,7.52,0.97,3.09,4.78,2.54,1.28,5.67,412,731,8,19,6.25,4.44,4.44,1.25,4.0,Extraversion
rizol_rizal,2.79,2.14,0.97,1.72,0.58,1.7,1.92,1.49,0.75,2.15,638,370,7,4,2.5,5.56,5.56,3.75,7.0,Openness
rkhusfa,1.76,1.62,0.84,0.99,0.63,1.14,0.85,1.1,0.34,0.64,368,596,6,22,3.75,3.33,4.44,5.0,1.0,Neuroticism
rkismaniar,4.7,3.22,1.74,3.2600000000000002,0.85,3.32,3.21,2.28,0.96,3.16,184,143,18,29,3.75,3.33,5.56,2.5,8.0,Openness
rohanahrey,3.08,2.07,1.17,2.77,0.75,1.6,2.45,1.71,1.1,1.86,310,297,4,14,6.25,3.33,4.44,1.25,1.0,Extraversion
rpdelimaa,6.78,4.64,2.59,7.08,0.96,3.55,5.300000000000001,3.55,2.58,4.94,265,264,8,17,6.25,4.44,5.56,0.0,5.0,Extraversion
rvghalif,4.9,1.7,1.1,3.37,1.43,1.58,3.24,1.8,2.11,1.8,153,334,5,10,2.5,3.33,5.56,2.5,5.0,Conscientiousness
rzqmentari,6.74,3.47,2.43,7.09,1.96,5.77,3.26,3.55,2.78,3.43,429,449,17,6,3.75,5.56,5.56,5.0,6.0,Openness
saccharinande,8.64,7.24,5.84,7.22,1.39,5.7,4.19,6.09,1.99,3.19,356,202,13,36,3.75,4.44,2.22,1.25,3.0,Agreeableness
salisnurk,5.04,3.51,2.71,3.57,1.11,2.84,3.06,3.15,2.15,2.08,464,449,9,38,3.75,4.44,2.22,1.25,7.0,Openness
salsabilabia,2.55,2.51,0.99,1.41,1.28,1.23,0.97,1.14,0.65,1.09,433,1612,35,28,5.0,4.44,4.44,5.0,7.0,Openness
saraadaay,3.77,2.54,1.78,2.64,1.11,2.8,2.18,1.43,0.84,1.4,58,34,16,167,1.25,0.0,0.0,0.0,3.0,Openness
sartikadesi212,4.68,4.13,1.89,5.21,1.06,3.37,4.22,2.97,1.38,2.74,153,203,1,5,5.0,3.33,3.33,3.75,3.0,Extraversion
savirapu,3.83,2.23,1.44,2.05,0.86,2.17,3.05,2.11,0.81,1.33,260,510,2,17,5.0,3.33,5.56,1.25,7.0,Openness
scharrii,3.3,6.52,1.34,2.32,0.46,5.92,2.22,4.23,4.04,3.99,584,1403,3,7,6.25,3.33,4.44,1.25,6.0,Extraversion
seacrabble,5.2,3.92,2.07,2.52,1.22,3.07,4.2,4.16,1.52,2.93,434,527,4,140,6.25,5.56,4.44,2.5,6.0,Extraversion
sefticare,3.29,2.54,1.57,2.13,0.46,2.11,1.92,1.78,1.03,1.66,101,50,6,13,1.25,4.44,3.33,1.25,4.0,Agreeableness
sekarumn,3.83,3.55,1.47,2.58,1.99,2.91,2.45,2.46,1.47,1.5,483,477,7,250,3.75,2.22,3.33,2.5,8.0,Openness
selftalker,6.87,5.22,3.7,4.62,2.19,4.15,4.21,3.91,2.25,4.2,175,276,11,67,2.5,0.0,2.22,2.5,5.0,Openness
sfaui,2.02,1.32,1.16,1.49,0.6,1.26,1.58,0.87,1.09,1.08,270,145,1,5,1.25,3.33,2.22,6.25,7.0,Openness
shelfiw,4.88,3.49,2.69,1.93,1.68,2.43,3.57,3.27,1.03,1.65,320,531,3,13,6.25,1.11,5.56,0.0,6.0,Extraversion
shobronabadan,2.47,1.67,1.06,1.4,0.98,1.28,1.78,1.13,0.81,1.13,325,247,4,8,1.25,2.22,1.11,3.75,5.0,Openness
silmiotmiot,6.07,4.46,2.34,4.98,1.96,4.18,4.4,3.65,1.94,3.96,254,353,2,5,3.75,2.22,1.11,6.25,4.0,Neuroticism
silvialucyana,3.94,3.61,2.79,2.45,1.49,2.5,2.0199999999999996,2.98,0.95,1.89,373,488,36,37,1.25,5.56,5.56,1.25,5.0,Agreeableness
silvihoroni,5.44,3.59,2.44,3.59,0.93,3.84,3.09,3.25,0.72,1.88,286,419,8,32,2.5,3.33,5.56,2.5,3.0,Conscientiousness
siti89nurjanah,6.069999999999999,4.59,3.19,4.3,1.49,4.36,4.15,3.55,1.71,3.43,51,6,4,18,3.75,3.33,5.56,6.25,6.0,Neuroticism
slvdys,3.93,2.21,1.01,2.94,0.64,2.19,3.12,1.73,1.26,2.44,92,81,1,134,2.5,2.22,5.56,2.5,5.0,Conscientiousness
sobatqasurr,4.06,3.29,1.78,3.07,1.16,2.59,2.58,2.53,1.43,2.59,142,104,2,20,1.25,5.56,4.44,6.25,5.0,Neuroticism
sora_alxean,4.529999999999999,5.01,4.06,3.13,3.05,4.12,2.71,3.57,2.19,2.05,163,123,21,66,2.5,3.33,3.33,1.25,8.0,Openness
stephanieayuu,5.34,2.61,1.56,4.34,1.19,2.08,4.16,4.0,0.9,3.5999999999999996,123,722,8,32,5.0,4.44,5.56,0.0,6.0,Openness
stillyourbae,3.0,2.56,1.41,1.3800000000000001,1.28,1.83,1.95,2.12,0.68,1.33,156,173,2,187,5.0,5.56,3.33,5.0,6.0,Openness
strybycy,7.62,5.06,3.87,6.1,1.49,5.2,5.6,3.89,1.93,4.93,261,82,5,54,3.75,4.44,2.22,1.25,2.0,Agreeableness
stttopp,4.5,3.61,1.83,2.75,0.91,2.01,3.73,2.61,0.75,1.79,263,383,3,14,3.75,4.44,3.33,6.25,4.0,Neuroticism
sulisprstya,4.21,3.92,2.11,2.34,0.77,2.94,2.53,2.99,1.42,1.48,84,39,23,34,3.75,5.56,3.33,1.25,1.0,Agreeableness
sundalaif,4.28,2.62,1.23,2.3,0.61,1.8,3.61,1.81,1.1,1.49,109,49,2,16,3.75,1.11,0.0,0.0,2.0,Extraversion
susheetrashh,1.77,8.21,1.45,1.53,1.43,7.7,1.34,2.78,6.53,5.73,326,307,8,65,2.5,2.22,1.11,3.75,4.0,Openness
susiindah16,4.5,3.12,2.11,2.97,1.06,2.15,2.92,2.19,1.15,3.21,35,15,15,130,2.5,3.33,3.33,5.0,7.0,Openness
syifa_syifo,3.06,4.16,2.92,2.53,1.8,3.26,2.74,3.48,1.68,1.62,593,2059,4,15,6.25,3.33,4.44,1.25,3.0,Extraversion
t_gooners16,4.59,6.23,5.19,2.83,3.97,5.76,3.58,2.46,1.95,2.51,188,193,3,8,1.25,2.22,2.22,1.25,8.0,Openness
t_hndr,6.38,4.53,2.76,4.26,2.4,3.59,5.0,3.21,1.21,3.85,378,1055,13,158,2.5,5.56,2.22,6.25,2.0,Neuroticism
tahtaallfina,5.74,3.99,1.98,3.79,1.05,3.47,3.98,3.68,1.42,3.26,313,402,1,21,5.0,4.44,4.44,3.75,7.0,Openness
taritahir,3.54,2.79,2.13,1.96,0.67,2.88,1.89,2.33,0.72,2.15,524,660,20,84,5.0,4.44,2.22,2.5,8.0,Openness
tastyducky,6.13,4.1,1.99,5.77,1.66,5.89,3.6799999999999997,3.62,1.1,2.3,196,35,2,19,1.25,3.33,1.11,5.0,3.0,Neuroticism
tiaraindhprmt,4.06,1.87,1.05,2.96,0.54,1.32,2.97,3.0,0.43999999999999995,2.64,169,171,6,0,1.25,1.11,2.22,2.5,4.0,Openness
timutiimuti,3.96,2.3,1.37,2.07,0.58,2.0,2.41,1.86,1.01,2.1,472,484,1,14,3.75,5.56,5.56,1.25,7.0,Openness
tnrx_,3.55,1.57,1.22,2.88,0.46,1.54,2.25,1.73,0.96,1.96,231,225,0,23,3.75,3.33,5.56,2.5,6.0,Openness
tramadanur,9.48,5.789999999999999,3.19,6.71,2.33,6.38,3.83,4.2,1.82,4.17,537,200,4,18,3.75,1.11,0.0,6.25,4.0,Neuroticism
triaisharaa,4.2,2.24,1.64,2.86,0.76,2.58,2.41,1.99,1.07,1.57,172,77,5,18,1.25,2.22,2.22,2.5,2.0,Neuroticism
trisawardanis,7.48,4.36,3.18,5.59,1.63,3.18,5.54,3.51,1.28,4.08,237,236,4,40,3.75,5.56,5.56,5.0,7.0,Openness
ucciiill,3.72,3.02,1.83,2.62,1.6,1.77,2.38,2.99,1.0,2.14,63,29,29,15,1.25,2.22,2.22,2.5,1.0,Neuroticism
ugitugitmiskoi,2.62,2.7399999999999998,0.91,1.99,0.72,1.19,2.12,1.45,0.86,1.73,75,26,4,56,2.5,5.56,3.33,3.75,2.0,Agreeableness
upikmera,3.82,3.93,2.28,3.0100000000000002,1.35,2.84,2.63,2.63,1.7,2.21,83,43,5,16,5.0,4.44,4.44,2.5,5.0,Extraversion
ursnflwr_,4.73,2.42,1.56,3.2,1.21,2.71,3.2,1.66,1.3,3.07,153,129,4,14,2.5,3.33,5.56,5.0,8.0,Openness
ussiiyy,4.88,2.18,1.69,2.97,0.86,2.1,3.62,1.98,0.93,1.59,597,1479,1,10,6.25,3.33,5.56,0.0,6.0,Extraversion
utho_,6.58,5.72,4.49,5.12,1.58,5.77,5.11,3.95,3.93,4.0,696,591,119,579,3.75,3.33,2.22,2.5,5.0,Openness
v3isvthree,5.5,3.59,1.88,3.28,0.78,3.23,3.96,2.08,1.61,2.32,855,829,14,83,2.5,2.22,1.11,5.0,3.0,Neuroticism
vanillasvgar,3.7199999999999998,3.86,1.71,3.08,1.9000000000000001,3.36,2.05,3.3299999999999996,1.02,2.01,51,894,0,2,2.5,3.33,5.56,3.75,6.0,Openness
viasyafiqa,5.5,5.3,3.39,2.69,2.67,3.47,3.65,3.69,1.57,2.43,161,194,16,25,1.25,1.11,5.56,0.0,3.0,Conscientiousness
viragutubela,7.45,2.96,1.69,4.46,1.52,3.58,6.79,1.58,1.26,3.91,177,215,5,83,6.25,4.44,5.56,1.25,8.0,Openness
virraaa_,6.14,4.5,2.73,3.72,1.44,3.24,3.55,2.58,1.35,3.09,194,917,9,32,1.25,2.22,4.44,2.5,6.0,Openness
vnyriany,2.83,3.15,1.79,1.9,1.62,2.81,1.73,2.69,1.1600000000000001,1.36,329,394,1,36,6.25,2.22,4.44,0.0,6.0,Extraversion
wequte,4.71,3.33,1.96,2.6199999999999997,1.06,2.6,2.15,2.29,1.28,2.23,481,98,14,78,2.5,4.44,5.56,3.75,6.0,Openness
wulandrshrmn,4.15,4.66,1.75,2.85,0.85,4.24,2.95,2.68,2.74,3.56,89,190,19,452,1.25,4.44,1.11,3.75,5.0,Openness
wydyudi_,2.9,4.42,1.32,4.62,0.85,1.71,2.6,1.93,0.85,3.16,166,605,6,15,5.0,4.44,3.33,3.75,2.0,Extraversion
yaelahir,2.99,5.86,2.19,2.31,1.7,4.58,2.25,3.83,2.03,2.52,185,549,7,54,2.5,2.22,1.11,2.5,2.0,Extraversion
yokozka,11.69,4.24,2.82,8.67,1.68,8.02,4.5,3.86,3.0599999999999996,4.52,132,158,12,108,3.75,5.56,3.33,3.75,7.0,Openness
youcan_it,3.89,4.16,1.46,1.33,2.58,3.99,2.76,5.0,0.8,0.84,42,41,3,89,5.0,5.56,5.56,5.0,6.0,Openness
yovimelan,9.540000000000001,5.61,2.4,5.59,1.09,4.53,7.48,3.45,3.65,5.72,382,539,3,99,6.25,5.56,2.22,3.75,5.0,Extraversion
ysyni,7.1,4.34,3.55,3.59,1.3800000000000001,3.29,4.8999999999999995,3.6,2.44,4.51,604,267,122,326,3.75,4.44,5.56,2.5,5.0,Conscientiousness
yudkuswar,6.56,2.21,1.04,3.47,0.86,1.77,5.29,1.54,2.42,3.75,299,278,9,33,2.5,3.33,2.22,2.5,2.0,Agreeableness
yulfaariza,4.699999999999999,3.78,2.5,3.63,0.46,4.0,2.49,2.94,1.48,1.44,158,266,6,16,2.5,3.33,5.56,2.5,3.0,Conscientiousness
yulia_danche,5.21,3.29,2.63,4.22,1.14,4.41,3.13,4.43,2.42,3.55,71,4,2,6,2.5,4.44,4.44,1.25,6.0,Openness
yuliawafa,3.16,2.0999999999999996,0.74,1.01,0.68,1.24,1.79,1.36,0.76,1.29,166,171,6,39,3.75,5.56,5.56,6.25,7.0,Openness
yusrinasmarani,9.02,5.05,2.7199999999999998,6.96,2.19,5.83,8.45,3.81,3.0199999999999996,4.46,297,467,1,42,5.0,5.56,4.44,3.75,4.0,Agreeableness
yuuta__96,3.01,2.6399999999999997,1.51,2.01,0.77,1.8,1.75,1.7,0.69,0.97,495,669,2,22,1.25,3.33,1.11,3.75,4.0,Openness
zea_mays07,4.14,3.87,2.1,3.3,0.86,1.18,1.54,3.51,1.0,4.08,303,211,11,56,6.25,4.44,5.56,0.0,7.0,Openness
